username,transport
gkingmann,Pet Owner Deliver
sgiacomozzoi,Transfer through PCS Building
jtrenchert,Pet Owner Deliver
asconesh,Pet Owner Deliver
vstonehewerl,Care Taker Pick Up
lsteelsq,Pet Owner Deliver
bmcgrottym,Transfer through PCS Building
ckitleeg,Care Taker Pick Up
bmcgrottym,Care Taker Pick Up
imichelottij,Transfer through PCS Building
dblaymiresp,Care Taker Pick Up
dblaymiresp,Transfer through PCS Building
fsoallo,Care Taker Pick Up
gkingmann,Transfer through PCS Building
imichelottij,Care Taker Pick Up
deams,Transfer through PCS Building
lsteelsq,Care Taker Pick Up
lsteelsq,Transfer through PCS Building
jtrenchert,Transfer through PCS Building
vstonehewerl,Transfer through PCS Building
